Order_ID,Order_Date,Product,Category,Region,Quantity,Sales,Profit,Month
1001,2026-01-05,Laptop,Electronics,North,2,120000,18000,2026-01
1002,2026-01-12,Mouse,Accessories,South,10,15000,4500,2026-01
1003,2026-01-20,Keyboard,Accessories,East,5,20000,6000,2026-01
1004,2026-02-03,Mobile,Electronics,West,3,75000,9000,2026-02
1005,2026-02-15,Headphones,Accessories,North,4,24000,7000,2026-02
1006,2026-02-25,Laptop,Electronics,South,1,60000,12000,2026-02
1007,2026-03-04,Monitor,Electronics,East,3,45000,8000,2026-03
1008,2026-03-18,Mobile,Electronics,West,2,50000,7500,2026-03
1009,2026-03-28,Mouse,Accessories,North,8,12000,3500,2026-03
1010,2026-04-06,Keyboard,Accessories,South,6,18000,5000,2026-04
1011,2026-04-19,Tablet,Electronics,East,4,80000,14000,2026-04
1012,2026-05-02,Laptop,Electronics,West,2,110000,16000,2026-05
1013,2026-05-15,Headphones,Accessories,North,7,42000,9000,2026-05
1014,2026-05-27,Monitor,Electronics,South,3,48000,8500,2026-05
1015,2026-06-05,Mobile,Electronics,East,5,90000,13000,2026-06
1016,2026-06-18,Keyboard,Accessories,West,6,21000,6500,2026-06
1017,2026-07-03,Tablet,Electronics,North,3,72000,11000,2026-07
1018,2026-07-16,Laptop,Electronics,South,1,65000,10000,2026-07
1019,2026-08-08,Mouse,Accessories,East,12,18000,4500,2026-08
1020,2026-08-22,Headphones,Accessories,West,5,30000,8000,2026-08
